Time (S),Voltage (V)
-2.12e-06,-0.6099327999999957
-2.1000000000000002e-06,-0.922431999999997
-2.08e-06,-0.922431999999997
-2.06e-06,-0.6099327999999957
-2.04e-06,-0.6099327999999957
-2.02e-06,-0.6099327999999957
-2e-06,-0.922431999999997
-1.98e-06,-0.6099327999999957
-1.96e-06,-0.922431999999997
-1.94e-06,-1.2349311999999983
-1.9200000000000003e-06,-0.922431999999997
-1.9e-06,-0.6099327999999957
-1.88e-06,-0.922431999999997
-1.86e-06,-0.922431999999997
-1.84e-06,-0.6099327999999957
-1.82e-06,-0.922431999999997
-1.8000000000000001e-06,-0.6099327999999957
-1.78e-06,-1.2349311999999983
-1.76e-06,-1.2349311999999983
-1.74e-06,-0.922431999999997
-1.72e-06,-1.2349311999999983
-1.7e-06,-0.922431999999997
-1.68e-06,-0.922431999999997
-1.66e-06,-0.922431999999997
-1.64e-06,-0.6099327999999957
-1.6200000000000002e-06,-0.6099327999999957
-1.6e-06,-1.2349311999999983
-1.5800000000000001e-06,-0.6099327999999957
-1.5599999999999999e-06,-0.6099327999999957
-1.54e-06,-0.922431999999997
-1.52e-06,-0.6099327999999957
-1.5e-06,-0.922431999999997
-1.48e-06,-0.922431999999997
-1.46e-06,-0.922431999999997
-1.44e-06,-0.922431999999997
-1.42e-06,-0.6099327999999957
-1.4000000000000001e-06,-0.922431999999997
-1.38e-06,-1.2349311999999983
-1.3600000000000001e-06,-0.922431999999997
-1.3399999999999999e-06,-0.922431999999997
-1.32e-06,-0.922431999999997
-1.3e-06,-1.2349311999999983
-1.28e-06,-0.922431999999997
-1.26e-06,-0.922431999999997
-1.24e-06,-0.6099327999999957
-1.22e-06,-0.6099327999999957
-1.2e-06,-0.6099327999999957
-1.1800000000000001e-06,-0.922431999999997
-1.16e-06,-1.2349311999999983
-1.14e-06,-0.6099327999999957
-1.12e-06,-1.2349311999999983
-1.1e-06,-0.922431999999997
-1.08e-06,-0.6099327999999957
-1.06e-06,-0.922431999999997
-1.04e-06,-0.922431999999997
-1.02e-06,-0.922431999999997
-1e-06,-0.6099327999999957
-9.8e-07,-0.6099327999999957
-9.6e-07,-0.6099327999999957
-9.400000000000001e-07,-1.2349311999999983
-9.200000000000001e-07,-0.6099327999999957
-9.000000000000001e-07,-0.6099327999999957
-8.8e-07,-0.6099327999999957
-8.6e-07,-0.29743359999999797
-8.4e-07,-0.922431999999997
-8.2e-07,-0.6099327999999957
-8e-07,-0.922431999999997
-7.799999999999999e-07,-0.6099327999999957
-7.599999999999999e-07,-0.6099327999999957
-7.399999999999999e-07,-0.6099327999999957
-7.200000000000001e-07,-1.2349311999999983
-7.000000000000001e-07,-0.6099327999999957
-6.800000000000001e-07,-0.6099327999999957
-6.6e-07,-0.6099327999999957
-6.4e-07,-0.922431999999997
-6.2e-07,-0.6099327999999957
-6e-07,-0.922431999999997
-5.8e-07,-0.6099327999999957
-5.599999999999999e-07,-0.6099327999999957
-5.399999999999999e-07,-0.922431999999997
-5.200000000000001e-07,-0.6099327999999957
-5.000000000000001e-07,-0.6099327999999957
-4.800000000000001e-07,0.015065600000003343
-4.6000000000000004e-07,-1.2349311999999983
-4.4e-07,-0.6099327999999957
-4.2e-07,0.015065600000003343
-4e-07,-1.547430399999996
-3.7999999999999996e-07,-1.8599295999999974
-3.5999999999999994e-07,0.015065600000003343
-3.399999999999999e-07,-0.922431999999997
-3.199999999999999e-07,3.7650560000000013
-3.000000000000001e-07,2.515059200000003
-2.8000000000000007e-07,5.640051200000002
-2.6000000000000005e-07,6.265049600000001
-2.4000000000000003e-07,2.827558400000001
-2.2e-07,5.015052800000003
-1.9999999999999978e-07,4.390054400000004
-1.7999999999999997e-07,5.327552000000001
-1.6000000000000016e-07,6.577548800000002
-1.3999999999999993e-07,5.952550400000003
-1.2000000000000012e-07,7.515046400000003
-9.999999999999989e-08,8.140044800000002
-8.000000000000008e-08,8.452544000000003
-5.999999999999985e-08,9.077542400000002
-4.000000000000004e-08,10.015040000000003
-1.999999999999981e-08,9.390041600000004
0.0,10.327539200000002
1.999999999999981e-08,10.952537600000001
4.000000000000004e-08,11.577536000000002
5.999999999999985e-08,12.202534400000001
8.000000000000008e-08,12.515033600000002
9.999999999999989e-08,12.827532800000002
1.2000000000000012e-07,13.7650304
1.3999999999999993e-07,14.077529600000002
1.6000000000000016e-07,15.015027200000002
1.7999999999999997e-07,14.702528000000001
2.000000000000002e-07,15.327526400000002
2.2e-07,15.640025600000001
2.399999999999998e-07,16.265024
2.6000000000000005e-07,16.5775232
2.7999999999999986e-07,16.8900224
3.000000000000001e-07,16.5775232
3.199999999999999e-07,16.8900224
3.4000000000000013e-07,17.515020800000002
3.5999999999999994e-07,17.515020800000002
3.8000000000000017e-07,17.515020800000002
4e-07,17.515020800000002
4.200000000000002e-07,17.2025216
4.4e-07,17.82752
4.5999999999999983e-07,17.2025216
4.800000000000001e-07,17.515020800000002
4.999999999999999e-07,17.515020800000002
5.200000000000001e-07,17.515020800000002
5.399999999999999e-07,17.515020800000002
5.600000000000001e-07,16.8900224
5.8e-07,16.8900224
6.000000000000002e-07,16.5775232
6.2e-07,16.5775232
6.400000000000002e-07,16.265024
6.6e-07,15.640025600000001
6.799999999999998e-07,15.640025600000001
7.000000000000001e-07,16.265024
7.199999999999999e-07,15.327526400000002
7.400000000000001e-07,15.015027200000002
7.599999999999999e-07,14.702528000000001
7.800000000000002e-07,14.702528000000001
8e-07,14.390028800000001
8.200000000000002e-07,14.077529600000002
8.4e-07,13.452531200000001
8.600000000000002e-07,13.7650304
8.8e-07,13.452531200000001
8.999999999999999e-07,13.452531200000001
9.200000000000001e-07,13.452531200000001
9.399999999999999e-07,13.140032000000001
9.600000000000001e-07,12.515033600000002
9.8e-07,13.140032000000001
1.0000000000000002e-06,12.827532800000002
1.02e-06,12.827532800000002
1.0400000000000002e-06,12.827532800000002
1.06e-06,13.140032000000001
1.0799999999999998e-06,12.827532800000002
1.1e-06,12.515033600000002
1.1199999999999999e-06,12.515033600000002
1.14e-06,12.827532800000002
1.16e-06,12.515033600000002
1.1800000000000001e-06,13.452531200000001
1.2e-06,13.140032000000001
1.2200000000000002e-06,13.452531200000001
1.24e-06,13.452531200000001
1.2600000000000002e-06,13.452531200000001
1.28e-06,14.077529600000002
1.2999999999999998e-06,14.390028800000001
1.32e-06,14.077529600000002
1.3399999999999999e-06,14.077529600000002
1.3600000000000001e-06,14.077529600000002
1.38e-06,14.390028800000001
1.4000000000000001e-06,14.702528000000001
1.42e-06,14.702528000000001
1.4400000000000002e-06,14.702528000000001
1.46e-06,15.015027200000002
1.4800000000000002e-06,15.640025600000001
1.5e-06,15.327526400000002
1.5199999999999998e-06,15.015027200000002
1.54e-06,15.327526400000002
1.5599999999999999e-06,15.327526400000002
1.5800000000000001e-06,16.265024
1.6e-06,15.640025600000001
1.6200000000000002e-06,15.327526400000002
1.64e-06,15.327526400000002
1.6600000000000002e-06,15.640025600000001
1.68e-06,15.9525248
1.6999999999999998e-06,15.015027200000002
1.7200000000000005e-06,15.640025600000001
1.7400000000000003e-06,15.327526400000002
1.76e-06,15.327526400000002
1.78e-06,15.327526400000002
1.7999999999999997e-06,15.015027200000002
1.8200000000000004e-06,15.015027200000002
1.8400000000000002e-06,14.702528000000001
1.86e-06,14.390028800000001
1.8799999999999998e-06,14.390028800000001
1.9000000000000004e-06,14.077529600000002
1.9200000000000003e-06,14.077529600000002
1.94e-06,13.7650304
1.96e-06,13.7650304
1.9799999999999997e-06,13.452531200000001
2.0000000000000003e-06,13.140032000000001
2.02e-06,13.140032000000001
2.04e-06,12.827532800000002
2.0599999999999998e-06,12.515033600000002
2.0800000000000004e-06,12.202534400000001
2.1000000000000002e-06,12.515033600000002
2.12e-06,12.202534400000001
2.14e-06,11.577536000000002
2.1599999999999996e-06,11.577536000000002
2.1800000000000003e-06,11.2650368
2.2e-06,11.2650368
2.22e-06,10.952537600000001
2.2399999999999997e-06,10.952537600000001
2.2600000000000004e-06,10.952537600000001
2.28e-06,10.952537600000001
2.3e-06,11.2650368
2.32e-06,10.640038400000002
2.3400000000000005e-06,10.015040000000003
2.3600000000000003e-06,10.640038400000002
2.38e-06,10.952537600000001
2.4e-06,10.640038400000002
2.4199999999999997e-06,10.327539200000002
2.4400000000000004e-06,10.327539200000002
2.46e-06,10.640038400000002
2.48e-06,10.640038400000002
2.4999999999999998e-06,10.640038400000002
2.5200000000000004e-06,10.952537600000001
2.5400000000000002e-06,11.2650368
2.56e-06,10.952537600000001
2.58e-06,11.2650368
2.5999999999999997e-06,11.2650368
2.6200000000000003e-06,11.890035200000002
2.64e-06,11.577536000000002
2.66e-06,11.2650368
2.6799999999999998e-06,12.515033600000002
2.7000000000000004e-06,12.202534400000001
2.7200000000000002e-06,12.202534400000001
2.74e-06,11.890035200000002
2.76e-06,12.827532800000002
2.7800000000000005e-06,13.140032000000001
2.8000000000000003e-06,12.827532800000002
2.82e-06,13.452531200000001
2.84e-06,13.452531200000001
2.8599999999999997e-06,13.452531200000001
2.8800000000000004e-06,14.077529600000002
2.9e-06,14.077529600000002
2.92e-06,13.7650304
2.94e-06,14.077529600000002
2.9600000000000005e-06,14.390028800000001
2.9800000000000003e-06,14.702528000000001
3e-06,14.390028800000001
3.02e-06,14.390028800000001
3.0399999999999997e-06,15.015027200000002
3.0600000000000003e-06,14.702528000000001
3.08e-06,15.015027200000002
3.1e-06,15.015027200000002
3.1199999999999998e-06,15.327526400000002
3.1400000000000004e-06,15.640025600000001
3.1600000000000002e-06,15.015027200000002
3.18e-06,15.327526400000002
3.2e-06,15.327526400000002
3.2199999999999997e-06,15.640025600000001
3.2400000000000003e-06,15.640025600000001
3.26e-06,15.015027200000002
3.28e-06,15.327526400000002
3.2999999999999997e-06,15.015027200000002
3.3200000000000004e-06,15.015027200000002
3.34e-06,15.640025600000001
3.36e-06,15.015027200000002
3.38e-06,15.327526400000002
3.4000000000000005e-06,14.702528000000001
3.4200000000000003e-06,14.702528000000001
3.44e-06,15.015027200000002
3.46e-06,15.015027200000002
3.4799999999999997e-06,15.015027200000002
3.5000000000000004e-06,15.015027200000002
3.52e-06,14.702528000000001
3.54e-06,15.015027200000002
3.56e-06,14.390028800000001
3.5800000000000005e-06,14.077529600000002
3.6000000000000003e-06,13.7650304
3.62e-06,14.077529600000002
3.64e-06,14.390028800000001
3.6599999999999997e-06,14.077529600000002
3.6800000000000003e-06,13.7650304
3.7e-06,13.7650304
3.72e-06,14.077529600000002
3.7399999999999998e-06,13.452531200000001
3.7600000000000004e-06,13.7650304
3.7800000000000002e-06,13.7650304
3.8e-06,13.7650304
3.82e-06,13.7650304
3.8400000000000005e-06,13.7650304
3.86e-06,13.7650304
3.88e-06,13.7650304
3.9e-06,13.7650304
3.92e-06,13.452531200000001
3.94e-06,13.7650304
3.96e-06,13.452531200000001
3.98e-06,13.452531200000001
4e-06,12.827532800000002
4.0200000000000005e-06,13.140032000000001
4.04e-06,13.7650304
4.06e-06,13.140032000000001
4.08e-06,13.452531200000001
4.1e-06,13.452531200000001
4.12e-06,13.452531200000001
4.14e-06,13.452531200000001
4.16e-06,13.140032000000001
4.18e-06,12.827532800000002
4.2000000000000004e-06,13.452531200000001
4.22e-06,12.827532800000002
4.24e-06,13.140032000000001
4.26e-06,12.827532800000002
4.28e-06,12.827532800000002
4.3e-06,12.827532800000002
4.32e-06,12.515033600000002
4.34e-06,12.827532800000002
4.36e-06,13.140032000000001
4.38e-06,13.140032000000001
4.4e-06,12.827532800000002
4.42e-06,12.827532800000002
4.44e-06,12.827532800000002
4.4600000000000005e-06,13.140032000000001
4.48e-06,13.140032000000001
4.5e-06,13.140032000000001
4.52e-06,12.827532800000002
4.54e-06,12.827532800000002
4.56e-06,13.140032000000001
4.58e-06,12.202534400000001
4.6e-06,12.515033600000002
4.62e-06,12.827532800000002
4.6400000000000005e-06,12.515033600000002
4.66e-06,12.515033600000002
4.68e-06,12.202534400000001
4.7e-06,12.515033600000002
4.72e-06,12.827532800000002
4.74e-06,12.202534400000001
4.76e-06,12.515033600000002
4.78e-06,12.202534400000001
4.8e-06,12.202534400000001
4.8200000000000004e-06,12.515033600000002
4.84e-06,12.202534400000001
4.86e-06,12.202534400000001
4.88e-06,12.515033600000002
4.9000000000000005e-06,12.202534400000001
4.92e-06,12.515033600000002
4.94e-06,12.202534400000001
4.96e-06,12.202534400000001
4.98e-06,12.515033600000002
5e-06,12.515033600000002
5.02e-06,12.515033600000002
5.04e-06,12.515033600000002
5.06e-06,12.202534400000001
5.0800000000000005e-06,13.140032000000001
5.1e-06,13.140032000000001
5.12e-06,12.515033600000002
5.14e-06,12.515033600000002
5.16e-06,13.140032000000001
5.18e-06,13.140032000000001
5.2e-06,13.140032000000001
5.22e-06,12.827532800000002
5.24e-06,13.140032000000001
5.2600000000000005e-06,13.140032000000001
5.28e-06,12.827532800000002
5.3e-06,13.140032000000001
5.32e-06,13.140032000000001
5.3400000000000005e-06,13.452531200000001
5.36e-06,13.452531200000001
5.38e-06,13.7650304
5.4e-06,13.7650304
5.42e-06,13.7650304
5.4400000000000004e-06,13.7650304
5.46e-06,13.452531200000001
5.48e-06,13.7650304
5.5e-06,14.390028800000001
5.52e-06,13.7650304
5.5399999999999995e-06,14.077529600000002
5.560000000000001e-06,14.390028800000001
5.580000000000001e-06,14.077529600000002
5.600000000000001e-06,14.390028800000001
5.62e-06,14.390028800000001
5.64e-06,14.077529600000002
5.66e-06,14.077529600000002
5.68e-06,14.077529600000002
5.7e-06,14.390028800000001
5.7199999999999994e-06,14.390028800000001
5.740000000000001e-06,14.077529600000002
5.760000000000001e-06,14.390028800000001
5.7800000000000006e-06,14.390028800000001
5.8e-06,14.702528000000001
5.82e-06,14.077529600000002
5.84e-06,15.015027200000002
5.86e-06,14.390028800000001
5.88e-06,14.702528000000001
5.899999999999999e-06,15.015027200000002
5.920000000000001e-06,14.390028800000001
5.940000000000001e-06,14.390028800000001
5.9600000000000005e-06,14.702528000000001
5.98e-06,14.077529600000002
6e-06,14.390028800000001
6.02e-06,14.390028800000001
6.04e-06,14.077529600000002
6.06e-06,14.390028800000001
6.079999999999999e-06,14.077529600000002
6.100000000000001e-06,14.390028800000001
6.120000000000001e-06,14.390028800000001
6.1400000000000005e-06,14.077529600000002
6.16e-06,14.077529600000002
6.18e-06,14.390028800000001
6.2e-06,14.077529600000002
6.22e-06,13.7650304
6.2399999999999995e-06,14.390028800000001
6.259999999999999e-06,13.7650304
6.280000000000001e-06,13.7650304
6.300000000000001e-06,13.7650304
6.3200000000000005e-06,13.7650304
6.34e-06,13.452531200000001
6.36e-06,13.452531200000001
6.38e-06,13.452531200000001
6.4e-06,13.452531200000001
6.4199999999999995e-06,13.452531200000001
6.439999999999999e-06,13.452531200000001
6.460000000000001e-06,13.452531200000001
6.480000000000001e-06,13.452531200000001
6.5000000000000004e-06,13.452531200000001
6.52e-06,12.827532800000002
6.54e-06,13.140032000000001
6.56e-06,13.452531200000001
6.58e-06,13.140032000000001
6.5999999999999995e-06,12.827532800000002
6.620000000000001e-06,12.827532800000002
6.640000000000001e-06,12.827532800000002
6.660000000000001e-06,12.827532800000002
6.68e-06,12.827532800000002
6.7e-06,13.140032000000001
6.72e-06,13.140032000000001
6.74e-06,12.827532800000002
6.76e-06,12.827532800000002
6.7799999999999995e-06,13.140032000000001
6.800000000000001e-06,13.140032000000001
6.820000000000001e-06,13.140032000000001
6.840000000000001e-06,13.140032000000001
6.86e-06,12.515033600000002
6.88e-06,12.827532800000002
6.9e-06,13.140032000000001
6.92e-06,12.515033600000002
6.94e-06,12.827532800000002
6.9599999999999994e-06,12.515033600000002
6.980000000000001e-06,12.515033600000002
7.000000000000001e-06,12.827532800000002
7.0200000000000006e-06,12.827532800000002
7.04e-06,13.140032000000001
7.06e-06,12.827532800000002
7.08e-06,12.515033600000002
7.1e-06,13.140032000000001
7.12e-06,12.515033600000002
7.139999999999999e-06,12.827532800000002
7.160000000000001e-06,12.827532800000002
7.180000000000001e-06,12.515033600000002
7.2000000000000005e-06,13.140032000000001
7.22e-06,13.140032000000001
7.24e-06,12.827532800000002
7.26e-06,12.827532800000002
7.28e-06,13.452531200000001
7.2999999999999996e-06,13.140032000000001
7.319999999999999e-06,13.140032000000001
7.340000000000001e-06,12.827532800000002
7.360000000000001e-06,12.827532800000002
7.3800000000000005e-06,12.827532800000002
7.4e-06,12.827532800000002
7.42e-06,12.827532800000002
7.44e-06,12.827532800000002
7.46e-06,12.827532800000002
7.4799999999999995e-06,13.452531200000001
7.499999999999999e-06,13.140032000000001
7.520000000000001e-06,13.140032000000001
7.540000000000001e-06,13.140032000000001
7.5600000000000005e-06,12.827532800000002
7.58e-06,13.140032000000001
7.6e-06,12.827532800000002
7.62e-06,13.452531200000001
7.64e-06,13.452531200000001
7.66e-06,13.452531200000001
7.680000000000001e-06,13.452531200000001
7.7e-06,13.452531200000001
7.72e-06,13.452531200000001
7.74e-06,13.7650304
7.76e-06,13.452531200000001
7.78e-06,13.452531200000001
7.8e-06,13.7650304
7.82e-06,13.7650304
7.84e-06,13.452531200000001
7.860000000000001e-06,13.452531200000001
7.88e-06,13.7650304
7.9e-06,13.7650304
7.92e-06,13.452531200000001
7.94e-06,13.7650304
7.96e-06,13.7650304
7.98e-06,14.077529600000002
8e-06,13.7650304
8.02e-06,14.390028800000001
8.040000000000001e-06,13.7650304
8.06e-06,14.390028800000001
8.08e-06,14.077529600000002
8.1e-06,14.390028800000001
8.12e-06,14.077529600000002
8.14e-06,14.077529600000002
8.16e-06,14.077529600000002
8.18e-06,14.390028800000001
8.2e-06,14.390028800000001
8.220000000000001e-06,14.390028800000001
8.24e-06,14.390028800000001
8.26e-06,14.390028800000001
8.28e-06,14.390028800000001
8.3e-06,14.077529600000002
8.32e-06,14.390028800000001
8.34e-06,14.077529600000002
8.36e-06,14.390028800000001
8.38e-06,14.390028800000001
8.400000000000001e-06,13.7650304
8.42e-06,13.7650304
8.44e-06,14.077529600000002
8.46e-06,13.7650304
8.48e-06,14.390028800000001
8.5e-06,14.077529600000002
8.52e-06,14.077529600000002
8.54e-06,14.077529600000002
8.56e-06,14.390028800000001
8.580000000000001e-06,14.077529600000002
8.6e-06,14.390028800000001
8.62e-06,14.390028800000001
8.64e-06,14.077529600000002
8.66e-06,14.077529600000002
8.68e-06,13.7650304
8.7e-06,13.7650304
8.72e-06,13.452531200000001
8.740000000000001e-06,13.7650304
8.76e-06,13.7650304
8.78e-06,13.7650304
8.8e-06,13.7650304
8.82e-06,13.7650304
8.84e-06,13.7650304
8.86e-06,13.7650304
8.88e-06,13.452531200000001
8.9e-06,13.7650304
8.920000000000001e-06,12.827532800000002
8.94e-06,13.7650304
8.96e-06,12.827532800000002
8.98e-06,13.452531200000001
9e-06,13.452531200000001
9.02e-06,13.452531200000001
9.04e-06,12.827532800000002
9.06e-06,12.827532800000002
9.08e-06,13.452531200000001
9.100000000000001e-06,12.515033600000002
9.12e-06,13.140032000000001
9.14e-06,12.827532800000002
9.16e-06,12.827532800000002
9.18e-06,13.140032000000001
9.2e-06,13.140032000000001
9.22e-06,12.827532800000002
9.24e-06,12.827532800000002
9.26e-06,12.827532800000002
9.280000000000001e-06,13.140032000000001
9.3e-06,12.827532800000002
9.32e-06,12.827532800000002
9.34e-06,12.827532800000002
9.36e-06,12.827532800000002
9.38e-06,13.140032000000001
9.4e-06,13.140032000000001
9.42e-06,13.140032000000001
9.44e-06,13.140032000000001
9.460000000000001e-06,12.827532800000002
9.48e-06,12.827532800000002
9.5e-06,13.140032000000001
9.52e-06,12.827532800000002
9.54e-06,12.827532800000002
9.56e-06,13.140032000000001
9.58e-06,12.827532800000002
9.6e-06,13.140032000000001
9.62e-06,12.827532800000002
9.640000000000001e-06,13.140032000000001
9.66e-06,13.140032000000001
9.68e-06,12.515033600000002
9.7e-06,12.827532800000002
9.72e-06,13.140032000000001
9.74e-06,12.827532800000002
9.76e-06,13.140032000000001
9.78e-06,13.140032000000001
9.800000000000001e-06,12.827532800000002
9.820000000000001e-06,12.827532800000002
9.84e-06,12.827532800000002
9.86e-06,12.827532800000002
9.88e-06,12.827532800000002
9.9e-06,13.140032000000001
9.92e-06,13.452531200000001
9.94e-06,13.452531200000001
9.96e-06,13.452531200000001
9.980000000000001e-06,13.7650304
1e-05,13.452531200000001
1.002e-05,13.452531200000001
1.004e-05,13.452531200000001
1.006e-05,13.452531200000001
1.008e-05,13.7650304
1.01e-05,13.7650304
1.012e-05,13.452531200000001
1.014e-05,13.452531200000001
1.0160000000000001e-05,13.7650304
1.018e-05,13.452531200000001
1.02e-05,13.452531200000001
1.022e-05,13.452531200000001
1.024e-05,13.452531200000001
1.026e-05,13.7650304
1.028e-05,13.452531200000001
1.03e-05,13.452531200000001
1.032e-05,13.452531200000001
1.0340000000000001e-05,13.452531200000001
1.036e-05,14.077529600000002
1.038e-05,13.7650304
1.04e-05,13.452531200000001
1.042e-05,13.452531200000001
1.044e-05,13.452531200000001
1.046e-05,14.390028800000001
1.048e-05,13.7650304
1.05e-05,13.452531200000001
1.0520000000000001e-05,13.7650304
1.054e-05,13.7650304
1.056e-05,13.7650304
1.058e-05,13.7650304
1.06e-05,14.077529600000002
1.062e-05,14.390028800000001
1.064e-05,14.077529600000002
1.066e-05,13.7650304
1.068e-05,14.077529600000002
1.0700000000000001e-05,13.7650304
1.072e-05,14.390028800000001
1.074e-05,14.390028800000001
1.076e-05,14.077529600000002
1.078e-05,14.077529600000002
1.08e-05,13.7650304
1.082e-05,14.077529600000002
1.084e-05,13.7650304
1.0860000000000001e-05,13.452531200000001
1.0880000000000001e-05,13.7650304
1.09e-05,14.077529600000002
1.092e-05,14.077529600000002
1.094e-05,14.077529600000002
1.096e-05,13.7650304
1.098e-05,14.077529600000002
1.1e-05,13.452531200000001
1.102e-05,13.452531200000001
1.1040000000000001e-05,14.390028800000001
1.106e-05,13.452531200000001
1.108e-05,13.7650304
1.11e-05,13.452531200000001
1.112e-05,13.452531200000001
1.114e-05,13.7650304
1.116e-05,13.452531200000001
1.118e-05,13.452531200000001
1.12e-05,13.7650304
1.1220000000000001e-05,13.7650304
1.124e-05,13.7650304
1.126e-05,13.452531200000001
1.128e-05,13.452531200000001
1.13e-05,13.452531200000001
1.132e-05,13.452531200000001
1.134e-05,13.452531200000001
1.136e-05,13.7650304
1.138e-05,12.827532800000002
1.1400000000000001e-05,13.7650304
1.142e-05,13.452531200000001
1.144e-05,13.140032000000001
1.146e-05,13.452531200000001
1.148e-05,13.140032000000001
1.15e-05,12.827532800000002
1.152e-05,13.452531200000001
1.154e-05,12.515033600000002
1.156e-05,12.827532800000002
1.1580000000000001e-05,12.827532800000002
1.16e-05,13.452531200000001
1.162e-05,13.140032000000001
1.164e-05,12.827532800000002
1.166e-05,13.140032000000001
1.168e-05,13.140032000000001
1.17e-05,13.140032000000001
1.172e-05,12.827532800000002
1.1740000000000001e-05,13.140032000000001
1.1760000000000001e-05,12.827532800000002
1.178e-05,13.140032000000001
1.18e-05,13.140032000000001
1.182e-05,13.140032000000001
1.184e-05,13.140032000000001
1.186e-05,12.515033600000002
1.188e-05,13.140032000000001
1.19e-05,12.827532800000002
1.1920000000000001e-05,12.827532800000002
1.1940000000000001e-05,13.140032000000001
1.196e-05,13.140032000000001
1.198e-05,12.827532800000002
1.2e-05,12.827532800000002
1.202e-05,12.827532800000002
1.204e-05,13.140032000000001
1.206e-05,13.140032000000001
1.208e-05,12.827532800000002
1.2100000000000001e-05,13.140032000000001
1.2120000000000001e-05,13.140032000000001
1.214e-05,12.827532800000002
1.216e-05,13.140032000000001
1.218e-05,13.140032000000001
1.22e-05,13.140032000000001
1.222e-05,13.140032000000001
1.224e-05,12.827532800000002
1.226e-05,13.140032000000001
1.2280000000000001e-05,12.827532800000002
1.23e-05,13.140032000000001
1.232e-05,13.452531200000001
1.234e-05,12.827532800000002
1.236e-05,13.7650304
1.238e-05,13.7650304
1.24e-05,13.452531200000001
1.242e-05,13.452531200000001
1.244e-05,13.452531200000001
1.2460000000000001e-05,13.7650304
1.248e-05,12.827532800000002
1.25e-05,13.452531200000001
1.252e-05,13.7650304
1.254e-05,13.452531200000001
1.256e-05,13.7650304
1.258e-05,13.452531200000001
1.26e-05,13.7650304
1.262e-05,13.7650304
1.2640000000000001e-05,13.7650304
1.266e-05,13.7650304
1.268e-05,13.452531200000001
1.27e-05,13.7650304
1.272e-05,13.7650304
1.274e-05,13.452531200000001
1.276e-05,13.452531200000001
1.278e-05,13.7650304
1.2800000000000001e-05,13.452531200000001
1.2820000000000001e-05,13.7650304
1.284e-05,13.7650304
1.286e-05,13.7650304
1.288e-05,13.452531200000001
1.29e-05,13.452531200000001
1.292e-05,13.452531200000001
1.294e-05,13.7650304
1.296e-05,13.452531200000001
1.2980000000000001e-05,13.7650304
1.3000000000000001e-05,14.390028800000001
1.302e-05,13.452531200000001
1.304e-05,13.7650304
1.306e-05,13.7650304
1.308e-05,13.452531200000001
1.31e-05,13.452531200000001
1.312e-05,13.7650304
1.314e-05,13.452531200000001
1.316e-05,13.452531200000001
1.318e-05,13.452531200000001
1.3199999999999999e-05,13.452531200000001
1.3219999999999999e-05,13.7650304
1.3240000000000002e-05,13.452531200000001
1.3260000000000002e-05,13.452531200000001
1.3280000000000002e-05,13.452531200000001
1.3300000000000001e-05,13.7650304
1.3320000000000001e-05,13.7650304
1.3340000000000001e-05,13.7650304
1.336e-05,13.452531200000001
1.338e-05,13.452531200000001
1.34e-05,13.452531200000001
1.342e-05,13.7650304
1.344e-05,13.452531200000001
1.346e-05,13.452531200000001
1.348e-05,13.452531200000001
1.35e-05,13.7650304
1.352e-05,13.7650304
1.3539999999999999e-05,13.452531200000001
1.3559999999999999e-05,13.452531200000001
1.3579999999999999e-05,13.452531200000001
1.3600000000000002e-05,13.7650304
1.3620000000000002e-05,13.7650304
1.3640000000000002e-05,13.452531200000001
1.3660000000000001e-05,13.452531200000001
1.3680000000000001e-05,13.7650304
1.3700000000000001e-05,13.7650304
1.372e-05,13.452531200000001
1.374e-05,12.827532800000002
1.376e-05,13.452531200000001
1.378e-05,13.452531200000001
1.38e-05,13.7650304
1.382e-05,13.452531200000001
1.384e-05,13.140032000000001
1.386e-05,13.7650304
1.388e-05,13.452531200000001
1.3899999999999999e-05,13.140032000000001
1.3919999999999999e-05,13.452531200000001
1.3939999999999999e-05,13.140032000000001
1.3960000000000002e-05,12.827532800000002
1.3980000000000002e-05,13.140032000000001
1.4000000000000001e-05,13.452531200000001
1.4020000000000001e-05,12.827532800000002
1.4040000000000001e-05,13.140032000000001
1.4060000000000001e-05,12.827532800000002
1.408e-05,13.140032000000001
1.41e-05,12.827532800000002
1.412e-05,13.140032000000001
1.414e-05,13.140032000000001
1.416e-05,12.827532800000002
1.418e-05,12.827532800000002
1.42e-05,12.827532800000002
1.422e-05,13.140032000000001
1.424e-05,13.140032000000001
1.4259999999999999e-05,12.827532800000002
1.4279999999999999e-05,12.515033600000002
1.4300000000000002e-05,12.827532800000002
1.4320000000000002e-05,12.827532800000002
1.4340000000000002e-05,12.515033600000002
1.4360000000000001e-05,13.140032000000001
1.4380000000000001e-05,13.140032000000001
1.4400000000000001e-05,12.515033600000002
1.4420000000000001e-05,13.140032000000001
1.444e-05,13.140032000000001
1.446e-05,12.827532800000002
1.448e-05,13.140032000000001
1.45e-05,12.827532800000002
1.452e-05,12.827532800000002
1.454e-05,13.140032000000001
1.456e-05,12.827532800000002
1.458e-05,12.827532800000002
1.4599999999999999e-05,12.515033600000002
1.4619999999999999e-05,12.827532800000002
1.4639999999999999e-05,13.452531200000001
1.4660000000000002e-05,13.140032000000001
1.4680000000000002e-05,12.515033600000002
1.4700000000000002e-05,12.827532800000002
1.4720000000000001e-05,13.140032000000001
1.4740000000000001e-05,13.140032000000001
1.4760000000000001e-05,13.140032000000001
1.478e-05,12.827532800000002
1.48e-05,13.140032000000001
1.482e-05,13.452531200000001
1.484e-05,13.452531200000001
1.486e-05,13.452531200000001
1.488e-05,13.452531200000001
1.49e-05,13.452531200000001
1.492e-05,13.452531200000001
1.494e-05,13.452531200000001
1.4959999999999999e-05,13.452531200000001
1.4979999999999999e-05,13.452531200000001
1.4999999999999999e-05,13.452531200000001
1.5020000000000002e-05,13.452531200000001
1.5040000000000002e-05,13.452531200000001
1.5060000000000001e-05,13.452531200000001
1.5080000000000001e-05,13.7650304
1.5100000000000001e-05,13.452531200000001
1.5120000000000001e-05,13.452531200000001
1.514e-05,13.452531200000001
1.516e-05,13.7650304
1.518e-05,13.452531200000001
1.52e-05,13.452531200000001
1.522e-05,13.7650304
1.524e-05,13.7650304
1.526e-05,13.7650304
1.528e-05,13.452531200000001
1.53e-05,13.452531200000001
1.532e-05,13.452531200000001
1.534e-05,13.7650304
1.5360000000000002e-05,13.7650304
1.5380000000000002e-05,13.452531200000001
1.54e-05,13.452531200000001
1.542e-05,13.452531200000001
1.544e-05,13.7650304
1.546e-05,13.452531200000001
1.548e-05,13.7650304
1.55e-05,13.7650304
1.552e-05,13.452531200000001
1.554e-05,13.7650304
1.556e-05,13.452531200000001
1.558e-05,13.7650304
1.56e-05,13.7650304
1.562e-05,13.452531200000001
1.564e-05,13.452531200000001
1.566e-05,13.452531200000001
1.568e-05,13.7650304
1.57e-05,13.7650304
1.5720000000000002e-05,13.452531200000001
1.5740000000000002e-05,13.452531200000001
1.576e-05,13.7650304
1.578e-05,13.452531200000001
1.58e-05,13.7650304
1.582e-05,13.452531200000001
1.584e-05,13.452531200000001
1.586e-05,13.7650304
1.588e-05,13.452531200000001
1.59e-05,13.7650304
1.592e-05,13.452531200000001
1.594e-05,13.452531200000001
1.596e-05,13.452531200000001
1.598e-05,13.7650304
1.6e-05,13.452531200000001
1.602e-05,13.452531200000001
1.604e-05,13.452531200000001
1.606e-05,13.452531200000001
1.6080000000000002e-05,13.452531200000001
1.6100000000000002e-05,13.452531200000001
1.612e-05,13.452531200000001
1.614e-05,13.452531200000001
1.616e-05,13.452531200000001
1.618e-05,13.452531200000001
1.62e-05,13.452531200000001
1.622e-05,13.452531200000001
1.624e-05,13.452531200000001
1.626e-05,12.827532800000002
1.628e-05,13.7650304
1.63e-05,13.452531200000001
1.632e-05,13.7650304
1.634e-05,13.452531200000001
1.636e-05,13.452531200000001
1.638e-05,12.827532800000002
1.64e-05,13.140032000000001
1.6420000000000002e-05,13.7650304
1.6440000000000002e-05,13.452531200000001
1.646e-05,13.452531200000001
1.648e-05,12.515033600000002
1.65e-05,13.140032000000001
1.652e-05,13.140032000000001
1.654e-05,13.140032000000001
1.656e-05,12.827532800000002
1.658e-05,13.140032000000001
1.66e-05,12.515033600000002
1.662e-05,13.140032000000001
1.664e-05,13.140032000000001
1.666e-05,12.827532800000002
1.668e-05,13.7650304
1.67e-05,12.827532800000002
1.672e-05,12.827532800000002
1.674e-05,13.140032000000001
1.676e-05,13.140032000000001
1.6780000000000002e-05,13.140032000000001
1.6800000000000002e-05,13.140032000000001
1.682e-05,13.140032000000001
1.684e-05,13.140032000000001
1.686e-05,13.7650304
1.688e-05,13.452531200000001
1.69e-05,13.452531200000001
1.692e-05,12.827532800000002
1.694e-05,13.452531200000001
1.696e-05,12.827532800000002
1.698e-05,13.452531200000001
1.7e-05,13.7650304
1.702e-05,13.452531200000001
1.704e-05,13.140032000000001
1.706e-05,13.452531200000001
1.708e-05,12.515033600000002
1.71e-05,13.452531200000001
1.712e-05,12.827532800000002
1.7140000000000002e-05,13.452531200000001
1.7160000000000002e-05,13.7650304
1.718e-05,13.7650304
1.72e-05,13.452531200000001
1.722e-05,13.7650304
1.724e-05,13.452531200000001
1.726e-05,13.452531200000001
1.728e-05,13.452531200000001
1.73e-05,13.452531200000001
1.732e-05,12.827532800000002
1.734e-05,13.452531200000001
1.736e-05,13.452531200000001
1.738e-05,13.452531200000001
1.74e-05,13.452531200000001
1.742e-05,13.7650304
1.744e-05,13.452531200000001
1.746e-05,13.7650304
1.7480000000000002e-05,13.7650304
1.7500000000000002e-05,13.452531200000001
1.752e-05,13.7650304
1.754e-05,13.452531200000001
1.756e-05,13.452531200000001
1.758e-05,13.7650304
1.76e-05,13.452531200000001
1.762e-05,13.452531200000001
1.764e-05,13.452531200000001
1.766e-05,13.452531200000001
1.768e-05,13.7650304
1.77e-05,13.452531200000001
1.772e-05,13.7650304
1.774e-05,13.452531200000001
1.776e-05,13.452531200000001
1.778e-05,13.452531200000001
1.78e-05,13.452531200000001
1.782e-05,13.452531200000001
1.7840000000000002e-05,13.452531200000001
1.7860000000000002e-05,13.452531200000001
